X,Y,Z,constraint_1,constraint_2
2.3,1.5,613.9674,2,0.5
2.3,1.5,617.3506,4,0.5
2.3,1.5,620.6472,6,0.5
2.3,1.5,624.0219,8,0.5
2.3,1.5,627.4112,10,0.5
2.3,1.5,630.928,12,0.5
2.3,1.5,634.875,14,0.5
2.3,1.5,617.253,2,0.6
2.3,1.5,620.455,4,0.6
2.3,1.5,623.6319,6,0.6
2.3,1.5,626.7847,8,0.6
2.3,1.5,629.9347,10,0.6
2.3,1.5,633.0485,12,0.6
2.3,1.5,636.203,14,0.6
2.3,1.5,619.4767,2,0.7
2.3,1.5,622.4349,4,0.7
2.3,1.5,625.4726,6,0.7
2.3,1.5,628.5241,8,0.7
2.3,1.5,631.3732,10,0.7
2.3,1.5,634.0825,12,0.7
2.3,1.5,636.756,14,0.7
2.3,1.5,620.6963,2,0.8
2.3,1.5,623.7954,4,0.8
2.3,1.5,626.5138,6,0.8
2.3,1.5,629.2657,8,0.8
2.3,1.5,631.961,10,0.8
2.3,1.5,634.3333,12,0.8
2.3,1.5,636.5713,14,0.8
2.3,1.5,621.1225,2,0.9
2.3,1.5,623.8833,4,0.9
2.3,1.5,626.6187,6,0.9
2.3,1.5,629.266,8,0.9
2.3,1.5,631.7902,10,0.9
2.3,1.5,634.1244,12,0.9
2.3,1.5,636.2792,14,0.9
2.3,1.65,594.9732,2,0.2
2.3,1.65,599.0167,4,0.2
2.3,1.65,603.348,6,0.2
2.3,1.65,607.7163,8,0.2
2.3,1.65,612.3011,10,0.2
2.3,1.65,616.9111,12,0.2
2.3,1.65,623.6356,14,0.2
2.3,1.65,604.8394,2,0.3
2.3,1.65,608.6001,4,0.3
2.3,1.65,612.4528,6,0.3
2.3,1.65,616.0058,8,0.3
2.3,1.65,620.1949,10,0.3
2.3,1.65,624.9077,12,0.3
2.3,1.65,611.6989,2,0.4
2.3,1.65,615.201,4,0.4
2.3,1.65,618.7809,6,0.4
2.3,1.65,622.4902,8,0.4
2.3,1.65,626.14,10,0.4
2.3,1.65,630.3239,12,0.4
2.3,1.65,634.875,14,0.4
2.3,1.65,616.8904,2,0.5
2.3,1.65,620.121,4,0.5
2.3,1.65,623.477,6,0.5
2.3,1.65,627.0323,8,0.5
2.3,1.65,630.571,10,0.5
2.3,1.65,634.3744,12,0.5
2.3,1.65,638.5018,14,0.5
2.3,1.65,620.4287,2,0.6
2.3,1.65,623.6773,4,0.6
2.3,1.65,626.8073,6,0.6
2.3,1.65,630.1051,8,0.6
2.3,1.65,633.4366,10,0.6
2.3,1.65,636.805,12,0.6
2.3,1.65,640.5591,14,0.6
2.3,1.65,622.9806,2,0.7
2.3,1.65,626.0406,4,0.7
2.3,1.65,629.1322,6,0.7
2.3,1.65,632.1282,8,0.7
2.3,1.65,635.1249,10,0.7
2.3,1.65,638.1784,12,0.7
2.3,1.65,641.2302,14,0.7
2.3,1.65,624.2991,2,0.8
2.3,1.65,627.2056,4,0.8
2.3,1.65,630.2379,6,0.8
2.3,1.65,633.0046,8,0.8
2.3,1.65,635.87,10,0.8
2.3,1.65,638.5657,12,0.8
2.3,1.65,640.7648,14,0.8
2.3,1.65,624.7126,2,0.9
2.3,1.65,627.5139,4,0.9
2.3,1.65,630.3046,6,0.9
2.3,1.65,633.0047,8,0.9
2.3,1.65,635.6357,10,0.9
2.3,1.65,638.2748,12,0.9
2.3,1.65,640.2438,14,0.9
2.3,1.8,594.2924,2,0.2
2.3,1.8,598.143,4,0.2
2.3,1.8,602.2783,6,0.2
2.3,1.8,606.6374,8,0.2
2.3,1.8,611.0003,10,0.2
2.3,1.8,616.4022,12,0.2
2.3,1.8,620.2167,14,0.2
2.3,1.8,605.3406,2,0.3
2.3,1.8,609.0635,4,0.3
2.3,1.8,612.3054,6,0.3
2.3,1.8,616.0977,8,0.3
2.3,1.8,620.3434,10,0.3
2.3,1.8,625.036,12,0.3
2.3,1.8,629.8241,14,0.3
2.3,1.8,612.8205,2,0.4
2.3,1.8,616.3235,4,0.4
2.3,1.8,619.9499,6,0.4
2.3,1.8,623.5998,8,0.4
2.3,1.8,627.2538,10,0.4
2.3,1.8,631.2205,12,0.4
2.3,1.8,638.0497,14,0.4
2.3,1.8,618.3889,2,0.5
2.3,1.8,621.7135,4,0.5
2.3,1.8,625.1358,6,0.5
2.3,1.8,628.6696,8,0.5
2.3,1.8,632.3886,10,0.5
2.3,1.8,636.2263,12,0.5
2.3,1.8,640.4131,14,0.5
2.3,1.8,622.4086,2,0.6
2.3,1.8,625.726,4,0.6
2.3,1.8,628.8985,6,0.6
2.3,1.8,632.2956,8,0.6
2.3,1.8,635.693,10,0.6
2.3,1.8,639.4509,12,0.6
2.3,1.8,643.2881,14,0.6
2.3,1.8,625.1295,2,0.7
2.3,1.8,628.2484,4,0.7
2.3,1.8,631.3734,6,0.7
2.3,1.8,634.5067,8,0.7
2.3,1.8,637.669,10,0.7
2.3,1.8,641.0501,12,0.7
2.3,1.8,644.2992,14,0.7
2.3,1.8,626.7461,2,0.8
2.3,1.8,629.6807,4,0.8
2.3,1.8,632.7457,6,0.8
2.3,1.8,635.5856,8,0.8
2.3,1.8,638.5322,10,0.8
2.3,1.8,641.3165,12,0.8
2.3,1.8,643.9895,14,0.8
2.3,1.8,627.1258,2,0.9
2.3,1.8,629.952,4,0.9
2.3,1.8,632.7709,6,0.9
2.3,1.8,635.5427,8,0.9
2.3,1.8,638.2472,10,0.9
2.3,1.8,640.8726,12,0.9
2.3,1.8,643.2001,14,0.9
2.3,1.9,593.5816,2,0.2
2.3,1.9,597.534,4,0.2
2.3,1.9,601.5552,6,0.2
2.3,1.9,605.4717,8,0.2
2.3,1.9,609.9545,10,0.2
2.3,1.9,614.2379,12,0.2
2.3,1.9,617.0533,14,0.2
2.3,1.9,605.3033,2,0.3
2.3,1.9,608.8829,4,0.3
2.3,1.9,612.0196,6,0.3
2.3,1.9,615.887,8,0.3
2.3,1.9,619.6775,10,0.3
2.3,1.9,625.5343,12,0.3
2.3,1.9,627.6105,14,0.3
2.3,1.9,613.2062,2,0.4
2.3,1.9,616.709,4,0.4
2.3,1.9,620.2017,6,0.4
2.3,1.9,623.8771,8,0.4
2.3,1.9,627.4108,10,0.4
2.3,1.9,631.6644,12,0.4
2.3,1.9,636.3041,14,0.4
2.3,1.9,619.0734,2,0.5
2.3,1.9,622.4113,4,0.5
2.3,1.9,625.846,6,0.5
2.3,1.9,629.342,8,0.5
2.3,1.9,633.0835,10,0.5
2.3,1.9,636.8703,12,0.5
2.3,1.9,643.5601,14,0.5
2.3,1.9,623.2753,2,0.6
2.3,1.9,626.6299,4,0.6
2.3,1.9,629.8544,6,0.6
2.3,1.9,633.189,8,0.6
2.3,1.9,636.7975,10,0.6
2.3,1.9,640.6199,12,0.6
2.3,1.9,644.5486,14,0.6
2.3,1.9,626.3023,2,0.7
2.3,1.9,629.2743,4,0.7
2.3,1.9,632.4423,6,0.7
2.3,1.9,635.6478,8,0.7
2.3,1.9,638.9634,10,0.7
2.3,1.9,642.4789,12,0.7
2.3,1.9,645.8418,14,0.7
2.3,1.9,627.9473,2,0.8
2.3,1.9,630.9166,4,0.8
2.3,1.9,633.83,6,0.8
2.3,1.9,636.884,8,0.8
2.3,1.9,639.9171,10,0.8
2.3,1.9,642.9792,12,0.8
2.3,1.9,645.5644,14,0.8
2.3,1.9,628.318,2,0.9
2.3,1.9,631.184,4,0.9
2.3,1.9,634.0148,6,0.9
2.3,1.9,636.8315,8,0.9
2.3,1.9,639.556,10,0.9
2.3,1.9,642.2377,12,0.9
2.3,1.9,645.0364,14,0.9
2.4,1.4,597.7953,2,0.2
2.4,1.4,601.7622,4,0.2
2.4,1.4,606.5845,6,0.2
2.4,1.4,610.2876,8,0.2
2.4,1.4,614.6544,10,0.2
2.4,1.4,619.2007,12,0.2
2.4,1.4,624.2881,14,0.2
2.4,1.4,605.6022,2,0.3
2.4,1.4,609.435,4,0.3
2.4,1.4,613.0747,6,0.3
2.4,1.4,616.8771,8,0.3
2.4,1.4,620.8147,10,0.3
2.4,1.4,624.4979,12,0.3
2.4,1.4,628.9104,14,0.3
2.4,1.4,610.9209,2,0.4
2.4,1.4,614.4652,4,0.4
2.4,1.4,617.8926,6,0.4
2.4,1.4,621.3847,8,0.4
2.4,1.4,625.2949,10,0.4
2.4,1.4,628.5095,12,0.4
2.4,1.4,632.2059,14,0.4
2.4,1.4,615.0278,2,0.5
2.4,1.4,618.2604,4,0.5
2.4,1.4,621.3793,6,0.5
2.4,1.4,624.6696,8,0.5
2.4,1.4,627.9781,10,0.5
2.4,1.4,631.2469,12,0.5
2.4,1.4,634.5003,14,0.5
2.4,1.4,617.939,2,0.6
2.4,1.4,620.9946,4,0.6
2.4,1.4,624.1244,6,0.6
2.4,1.4,627.0986,8,0.6
2.4,1.4,630.0793,10,0.6
2.4,1.4,632.8947,12,0.6
2.4,1.4,635.6805,14,0.6
2.4,1.4,619.6323,2,0.7
2.4,1.4,622.5586,4,0.7
2.4,1.4,625.7063,6,0.7
2.4,1.4,628.4868,8,0.7
2.4,1.4,631.17,10,0.7
2.4,1.4,633.8419,12,0.7
2.4,1.4,636.0548,14,0.7
2.4,1.4,620.7733,2,0.8
2.4,1.4,623.6018,4,0.8
2.4,1.4,626.5374,6,0.8
2.4,1.4,629.1538,8,0.8
2.4,1.4,631.6627,10,0.8
2.4,1.4,634.0269,12,0.8
2.4,1.4,635.9683,14,0.8
2.4,1.4,621.0094,2,0.9
2.4,1.4,623.7199,4,0.9
2.4,1.4,626.5163,6,0.9
2.4,1.4,629.0474,8,0.9
2.4,1.4,631.5497,10,0.9
2.4,1.4,633.8564,12,0.9
2.4,1.4,635.8102,14,0.9
2.4,1.5,599.4581,2,0.2
2.4,1.5,603.7644,4,0.2
2.4,1.5,608.5584,6,0.2
2.4,1.5,612.249,8,0.2
2.4,1.5,617.1186,10,0.2
2.4,1.5,621.1219,12,0.2
2.4,1.5,626.2463,14,0.2
2.4,1.5,608.0446,2,0.3
2.4,1.5,611.6729,4,0.3
2.4,1.5,615.5134,6,0.3
2.4,1.5,619.3845,8,0.3
2.4,1.5,623.3269,10,0.3
2.4,1.5,627.2402,12,0.3
2.4,1.5,631.7194,14,0.3
2.4,1.5,613.7698,2,0.4
2.4,1.5,617.1596,4,0.4
2.4,1.5,620.8211,6,0.4
2.4,1.5,624.2858,8,0.4
2.4,1.5,628.0131,10,0.4
2.4,1.5,631.7222,12,0.4
2.4,1.5,635.8036,14,0.4
2.4,1.5,618.0589,2,0.5
2.4,1.5,621.4081,4,0.5
2.4,1.5,624.5863,6,0.5
2.4,1.5,628.0224,8,0.5
2.4,1.5,631.4123,10,0.5
2.4,1.5,634.875,12,0.5
2.4,1.5,638.2545,14,0.5
2.4,1.5,621.1292,2,0.6
2.4,1.5,624.2896,4,0.6
2.4,1.5,627.4444,6,0.6
2.4,1.5,630.584,8,0.6
2.4,1.5,633.6994,10,0.6
2.4,1.5,636.7359,12,0.6
2.4,1.5,639.4989,14,0.6
2.4,1.5,623.1726,2,0.7
2.4,1.5,626.1562,4,0.7
2.4,1.5,629.1266,6,0.7
2.4,1.5,632.0605,8,0.7
2.4,1.5,634.875,10,0.7
2.4,1.5,637.7027,12,0.7
2.4,1.5,640.3733,14,0.7
2.4,1.5,624.3237,2,0.8
2.4,1.5,627.1661,4,0.8
2.4,1.5,630.2025,6,0.8
2.4,1.5,632.8963,8,0.8
2.4,1.5,635.5077,10,0.8
2.4,1.5,637.9266,12,0.8
2.4,1.5,640.269,14,0.8
2.4,1.5,624.5416,2,0.9
2.4,1.5,627.3311,4,0.9
2.4,1.5,630.0737,6,0.9
2.4,1.5,632.7421,8,0.9
2.4,1.5,635.3682,10,0.9
2.4,1.5,637.7607,12,0.9
2.4,1.5,640.0944,14,0.9
2.4,1.65,600.4016,2,0.2
2.4,1.65,604.5283,4,0.2
2.4,1.65,608.7734,6,0.2
2.4,1.65,613.0269,8,0.2
2.4,1.65,617.4743,10,0.2
2.4,1.65,621.9822,12,0.2
2.4,1.65,626.8422,14,0.2
2.4,1.65,609.8901,2,0.3
2.4,1.65,613.5607,4,0.3
2.4,1.65,617.339,6,0.3
2.4,1.65,621.2409,8,0.3
2.4,1.65,624.8955,10,0.3
2.4,1.65,629.1866,12,0.3
2.4,1.65,633.5994,14,0.3
2.4,1.65,616.1539,2,0.4
2.4,1.65,619.7681,4,0.4
2.4,1.65,623.265,6,0.4
2.4,1.65,626.8733,8,0.4
2.4,1.65,630.6204,10,0.4
2.4,1.65,634.5174,12,0.4
2.4,1.65,638.8289,14,0.4
2.4,1.65,621.0008,2,0.5
2.4,1.65,624.2109,4,0.5
2.4,1.65,627.6589,6,0.5
2.4,1.65,631.0171,8,0.5
2.4,1.65,634.4929,10,0.5
2.4,1.65,638.1735,12,0.5
2.4,1.65,642.129,14,0.5
2.4,1.65,624.3103,2,0.6
2.4,1.65,627.5391,4,0.6
2.4,1.65,630.7661,6,0.6
2.4,1.65,633.8661,8,0.6
2.4,1.65,637.1585,10,0.6
2.4,1.65,640.4448,12,0.6
2.4,1.65,643.9253,14,0.6
2.4,1.65,626.4686,2,0.7
2.4,1.65,629.5411,4,0.7
2.4,1.65,632.7721,6,0.7
2.4,1.65,635.7898,8,0.7
2.4,1.65,638.7626,10,0.7
2.4,1.65,641.7388,12,0.7
2.4,1.65,644.5779,14,0.7
2.4,1.65,627.9311,2,0.8
2.4,1.65,630.7893,4,0.8
2.4,1.65,633.6803,6,0.8
2.4,1.65,636.6651,8,0.8
2.4,1.65,639.3596,10,0.8
2.4,1.65,641.8878,12,0.8
2.4,1.65,644.2742,14,0.8
2.4,1.65,628.0954,2,0.9
2.4,1.65,630.9427,4,0.9
2.4,1.65,633.7322,6,0.9
2.4,1.65,636.5157,8,0.9
2.4,1.65,639.1796,10,0.9
2.4,1.65,641.6816,12,0.9
2.4,1.65,643.9955,14,0.9
2.4,1.8,600.1328,2,0.2
2.4,1.8,604.2259,4,0.2
2.4,1.8,608.2891,6,0.2
2.4,1.8,612.2258,8,0.2
2.4,1.8,616.7886,10,0.2
2.4,1.8,621.2091,12,0.2
2.4,1.8,626.138,14,0.2
2.4,1.8,610.5272,2,0.3
2.4,1.8,614.1988,4,0.3
2.4,1.8,617.8561,6,0.3
2.4,1.8,621.2379,8,0.3
2.4,1.8,625.1732,10,0.3
2.4,1.8,629.4362,12,0.3
2.4,1.8,617.5389,2,0.4
2.4,1.8,620.9768,4,0.4
2.4,1.8,624.5246,6,0.4
2.4,1.8,628.0851,8,0.4
2.4,1.8,631.8673,10,0.4
2.4,1.8,635.6982,12,0.4
2.4,1.8,639.9254,14,0.4
2.4,1.8,622.5551,2,0.5
2.4,1.8,626.0093,4,0.5
2.4,1.8,629.3465,6,0.5
2.4,1.8,632.7803,8,0.5
2.4,1.8,636.3951,10,0.5
2.4,1.8,640.2694,12,0.5
2.4,1.8,644.3075,14,0.5
2.4,1.8,626.3245,2,0.6
2.4,1.8,629.5898,4,0.6
2.4,1.8,632.7256,6,0.6
2.4,1.8,636.0927,8,0.6
2.4,1.8,639.5177,10,0.6
2.4,1.8,643.0424,12,0.6
2.4,1.8,646.7332,14,0.6
2.4,1.8,628.8561,2,0.7
2.4,1.8,631.9483,4,0.7
2.4,1.8,634.875,6,0.7
2.4,1.8,638.1936,8,0.7
2.4,1.8,641.2822,10,0.7
2.4,1.8,644.4135,12,0.7
2.4,1.8,647.6164,14,0.7
2.4,1.8,630.357,2,0.8
2.4,1.8,633.2617,4,0.8
2.4,1.8,636.17,6,0.8
2.4,1.8,639.2486,8,0.8
2.4,1.8,642.011,10,0.8
2.4,1.8,644.7623,12,0.8
2.4,1.8,647.386,14,0.8
2.4,1.8,630.5127,2,0.9
2.4,1.8,633.3773,4,0.9
2.4,1.8,636.2212,6,0.9
2.4,1.8,639.0565,8,0.9
2.4,1.8,641.7912,10,0.9
2.4,1.8,644.4655,12,0.9
2.4,1.8,646.699,14,0.9
2.4,1.9,599.6039,2,0.2
2.4,1.9,603.4848,4,0.2
2.4,1.9,607.5123,6,0.2
2.4,1.9,611.5912,8,0.2
2.4,1.9,615.5222,10,0.2
2.4,1.9,624.1,14,0.2
2.4,1.9,610.608,2,0.3
2.4,1.9,614.117,4,0.3
2.4,1.9,617.8607,6,0.3
2.4,1.9,621.0821,8,0.3
2.4,1.9,624.9973,10,0.3
2.4,1.9,629.4284,12,0.3
2.4,1.9,633.88,14,0.3
2.4,1.9,618.0002,2,0.4
2.4,1.9,621.2958,4,0.4
2.4,1.9,624.8554,6,0.4
2.4,1.9,628.4545,8,0.4
2.4,1.9,632.2597,10,0.4
2.4,1.9,636.1464,12,0.4
2.4,1.9,642.1591,14,0.4
2.4,1.9,623.4761,2,0.5
2.4,1.9,626.7462,4,0.5
2.4,1.9,630.1037,6,0.5
2.4,1.9,633.5796,8,0.5
2.4,1.9,637.2226,10,0.5
2.4,1.9,641.126,12,0.5
2.4,1.9,645.0186,14,0.5
2.4,1.9,627.2081,2,0.6
2.4,1.9,630.5075,4,0.6
2.4,1.9,633.8319,6,0.6
2.4,1.9,637.1249,8,0.6
2.4,1.9,640.5726,10,0.6
2.4,1.9,644.3161,12,0.6
2.4,1.9,647.7771,14,0.6
2.4,1.9,629.8274,2,0.7
2.4,1.9,632.9594,4,0.7
2.4,1.9,636.1275,6,0.7
2.4,1.9,639.3403,8,0.7
2.4,1.9,642.5357,10,0.7
2.4,1.9,645.9466,12,0.7
2.4,1.9,648.9123,14,0.7
2.4,1.9,631.3627,2,0.8
2.4,1.9,634.5047,4,0.8
2.4,1.9,637.4585,6,0.8
2.4,1.9,640.5765,8,0.8
2.4,1.9,643.3799,10,0.8
2.4,1.9,646.1891,12,0.8
2.4,1.9,648.7422,14,0.8
2.4,1.9,631.7367,2,0.9
2.4,1.9,634.611,4,0.9
2.4,1.9,637.5002,6,0.9
2.4,1.9,640.3536,8,0.9
2.4,1.9,643.1043,10,0.9
2.4,1.9,645.7981,12,0.9
2.4,1.9,648.232,14,0.9
2.5,1.4,602.5771,2,0.2
2.5,1.4,606.7721,4,0.2
2.5,1.4,611.3154,6,0.2
2.5,1.4,615.4446,8,0.2
2.5,1.4,619.7212,10,0.2
2.5,1.4,628.1154,14,0.2
2.5,1.4,609.9588,2,0.3
2.5,1.4,613.8108,4,0.3
2.5,1.4,617.2541,6,0.3
2.5,1.4,621.0688,8,0.3
2.5,1.4,624.9567,10,0.3
2.5,1.4,628.7727,12,0.3
2.5,1.4,615.0579,2,0.4
2.5,1.4,618.5143,4,0.4
2.5,1.4,621.9098,6,0.4
2.5,1.4,625.3166,8,0.4
2.5,1.4,628.8796,10,0.4
2.5,1.4,632.3724,12,0.4
2.5,1.4,635.9426,14,0.4
2.5,1.4,618.8871,2,0.5
2.5,1.4,621.9676,4,0.5
2.5,1.4,625.1947,6,0.5
2.5,1.4,628.4336,8,0.5
2.5,1.4,631.6838,10,0.5
2.5,1.4,634.875,12,0.5
2.5,1.4,637.9882,14,0.5
2.5,1.4,621.3684,2,0.6
2.5,1.4,624.4348,4,0.6
2.5,1.4,627.498,6,0.6
2.5,1.4,630.5515,8,0.6
2.5,1.4,633.4573,10,0.6
2.5,1.4,636.5163,12,0.6
2.5,1.4,639.0881,14,0.6
2.5,1.4,623.1994,2,0.7
2.5,1.4,626.1642,4,0.7
2.5,1.4,629.021,6,0.7
2.5,1.4,631.8417,8,0.7
2.5,1.4,634.875,10,0.7
2.5,1.4,637.2603,12,0.7
2.5,1.4,639.5054,14,0.7
2.5,1.4,624.0347,2,0.8
2.5,1.4,627.0877,4,0.8
2.5,1.4,629.8063,6,0.8
2.5,1.4,632.4628,8,0.8
2.5,1.4,637.4209,12,0.8
2.5,1.4,639.461,14,0.8
2.5,1.4,624.2446,2,0.9
2.5,1.4,627.0063,4,0.9
2.5,1.4,629.723,6,0.9
2.5,1.4,632.3257,8,0.9
2.5,1.4,634.875,10,0.9
2.5,1.4,637.3235,12,0.9
2.5,1.4,639.3426,14,0.9
2.5,1.5,604.6463,2,0.2
2.5,1.5,608.6263,4,0.2
2.5,1.5,613.4979,6,0.2
2.5,1.5,617.5893,8,0.2
2.5,1.5,621.8892,10,0.2
2.5,1.5,625.7804,12,0.2
2.5,1.5,630.568,14,0.2
2.5,1.5,612.1222,2,0.3
2.5,1.5,616.101,4,0.3
2.5,1.5,619.9229,6,0.3
2.5,1.5,623.6789,8,0.3
2.5,1.5,627.5638,10,0.3
2.5,1.5,631.3866,12,0.3
2.5,1.5,635.684,14,0.3
2.5,1.5,617.9058,2,0.4
2.5,1.5,621.4438,4,0.4
2.5,1.5,624.7928,6,0.4
2.5,1.5,628.4173,8,0.4
2.5,1.5,631.9393,10,0.4
2.5,1.5,635.6407,12,0.4
2.5,1.5,639.3167,14,0.4
2.5,1.5,621.9344,2,0.5
2.5,1.5,625.249,4,0.5
2.5,1.5,628.383,6,0.5
2.5,1.5,631.7381,8,0.5
2.5,1.5,635.1174,10,0.5
2.5,1.5,638.4419,12,0.5
2.5,1.5,641.7011,14,0.5
2.5,1.5,624.8139,2,0.6
2.5,1.5,627.942,4,0.6
2.5,1.5,631.0727,6,0.6
2.5,1.5,634.178,8,0.6
2.5,1.5,637.2167,10,0.6
2.5,1.5,640.2121,12,0.6
2.5,1.5,643.0257,14,0.6
2.5,1.5,626.7193,2,0.7
2.5,1.5,629.6934,4,0.7
2.5,1.5,632.6199,6,0.7
2.5,1.5,635.5298,8,0.7
2.5,1.5,638.3545,10,0.7
2.5,1.5,641.1124,12,0.7
2.5,1.5,643.7706,14,0.7
2.5,1.5,627.5425,2,0.8
2.5,1.5,630.6748,4,0.8
2.5,1.5,633.4452,6,0.8
2.5,1.5,636.1757,8,0.8
2.5,1.5,638.8167,10,0.8
2.5,1.5,641.2828,12,0.8
2.5,1.5,643.7097,14,0.8
2.5,1.5,627.7534,2,0.9
2.5,1.5,630.5799,4,0.9
2.5,1.5,633.3555,6,0.9
2.5,1.5,636.0695,8,0.9
2.5,1.5,638.6956,10,0.9
2.5,1.5,641.1414,12,0.9
2.5,1.5,643.578,14,0.9
2.5,1.65,605.7631,2,0.2
2.5,1.65,609.7788,4,0.2
2.5,1.65,614.6398,6,0.2
2.5,1.65,618.7739,8,0.2
2.5,1.65,622.1853,10,0.2
2.5,1.65,626.9115,12,0.2
2.5,1.65,631.5741,14,0.2
2.5,1.65,613.9725,2,0.3
2.5,1.65,618.0971,4,0.3
2.5,1.65,621.9753,6,0.3
2.5,1.65,625.6684,8,0.3
2.5,1.65,629.6304,10,0.3
2.5,1.65,633.4704,12,0.3
2.5,1.65,637.8111,14,0.3
2.5,1.65,620.3367,2,0.4
2.5,1.65,623.9102,4,0.4
2.5,1.65,627.3737,6,0.4
2.5,1.65,630.933,8,0.4
2.5,1.65,634.875,10,0.4
2.5,1.65,638.504,12,0.4
2.5,1.65,642.6013,14,0.4
2.5,1.65,624.9005,2,0.5
2.5,1.65,628.0533,4,0.5
2.5,1.65,631.4793,6,0.5
2.5,1.65,634.875,8,0.5
2.5,1.65,638.298,10,0.5
2.5,1.65,641.8347,12,0.5
2.5,1.65,645.5399,14,0.5
2.5,1.65,627.985,2,0.6
2.5,1.65,631.1808,4,0.6
2.5,1.65,634.3784,6,0.6
2.5,1.65,637.6207,8,0.6
2.5,1.65,640.7006,10,0.6
2.5,1.65,643.8828,12,0.6
2.5,1.65,647.0788,14,0.6
2.5,1.65,630.013,2,0.7
2.5,1.65,633.0345,4,0.7
2.5,1.65,636.0847,6,0.7
2.5,1.65,639.1082,8,0.7
2.5,1.65,642.1916,10,0.7
2.5,1.65,644.9801,12,0.7
2.5,1.65,647.7612,14,0.7
2.5,1.65,631.1161,2,0.8
2.5,1.65,634.272,4,0.8
2.5,1.65,637.1239,6,0.8
2.5,1.65,639.941,8,0.8
2.5,1.65,642.6527,10,0.8
2.5,1.65,645.2035,12,0.8
2.5,1.65,647.658,14,0.8
2.5,1.65,631.3111,2,0.9
2.5,1.65,634.1553,4,0.9
2.5,1.65,637.0209,6,0.9
2.5,1.65,639.8119,8,0.9
2.5,1.65,642.4983,10,0.9
2.5,1.65,645.0433,12,0.9
2.5,1.65,647.4558,14,0.9
2.5,1.8,605.6705,2,0.2
2.5,1.8,609.4954,4,0.2
2.5,1.8,613.6334,6,0.2
2.5,1.8,617.7518,8,0.2
2.5,1.8,621.8125,10,0.2
2.5,1.8,626.3317,12,0.2
2.5,1.8,630.7668,14,0.2
2.5,1.8,614.6512,2,0.3
2.5,1.8,618.8796,4,0.3
2.5,1.8,622.6026,6,0.3
2.5,1.8,626.4359,8,0.3
2.5,1.8,630.3281,10,0.3
2.5,1.8,633.9365,12,0.3
2.5,1.8,638.2949,14,0.3
2.5,1.8,621.8019,2,0.4
2.5,1.8,625.2174,4,0.4
2.5,1.8,628.7133,6,0.4
2.5,1.8,632.3211,8,0.4
2.5,1.8,636.0705,10,0.4
2.5,1.8,640.0371,12,0.4
2.5,1.8,643.9261,14,0.4
2.5,1.8,626.4918,2,0.5
2.5,1.8,629.9046,4,0.5
2.5,1.8,633.2037,6,0.5
2.5,1.8,636.7503,8,0.5
2.5,1.8,640.2619,10,0.5
2.5,1.8,643.9783,12,0.5
2.5,1.8,647.8767,14,0.5
2.5,1.8,630.0191,2,0.6
2.5,1.8,633.2551,4,0.6
2.5,1.8,636.5504,6,0.6
2.5,1.8,639.721,8,0.6
2.5,1.8,643.072,10,0.6
2.5,1.8,646.4221,12,0.6
2.5,1.8,649.7419,14,0.6
2.5,1.8,632.3906,2,0.7
2.5,1.8,635.4676,4,0.7
2.5,1.8,638.5826,6,0.7
2.5,1.8,641.6684,8,0.7
2.5,1.8,644.6951,10,0.7
2.5,1.8,647.8043,12,0.7
2.5,1.8,650.5606,14,0.7
2.5,1.8,633.5388,2,0.8
2.5,1.8,636.5267,4,0.8
2.5,1.8,639.6708,6,0.8
2.5,1.8,642.5203,8,0.8
2.5,1.8,645.276,10,0.8
2.5,1.8,648.0305,12,0.8
2.5,1.8,650.4432,14,0.8
2.5,1.8,633.7244,2,0.9
2.5,1.8,636.6251,4,0.9
2.5,1.8,639.5347,6,0.9
2.5,1.8,642.3575,8,0.9
2.5,1.8,645.108,10,0.9
2.5,1.8,647.8141,12,0.9
2.5,1.8,650.1042,14,0.9
2.5,1.9,605.0606,2,0.2
2.5,1.9,609.0688,4,0.2
2.5,1.9,613.0091,6,0.2
2.5,1.9,617.0992,8,0.2
2.5,1.9,620.9996,10,0.2
2.5,1.9,625.2007,12,0.2
2.5,1.9,629.8108,14,0.2
2.5,1.9,614.7776,2,0.3
2.5,1.9,619.0313,4,0.3
2.5,1.9,622.7258,6,0.3
2.5,1.9,626.4313,8,0.3
2.5,1.9,629.8353,10,0.3
2.5,1.9,633.6307,12,0.3
2.5,1.9,637.931,14,0.3
2.5,1.9,622.3099,2,0.4
2.5,1.9,625.736,4,0.4
2.5,1.9,629.241,6,0.4
2.5,1.9,632.854,8,0.4
2.5,1.9,636.5662,10,0.4
2.5,1.9,640.2781,12,0.4
2.5,1.9,644.2814,14,0.4
2.5,1.9,627.4545,2,0.5
2.5,1.9,630.6854,4,0.5
2.5,1.9,634.0033,6,0.5
2.5,1.9,637.6062,8,0.5
2.5,1.9,641.108,10,0.5
2.5,1.9,644.9385,12,0.5
2.5,1.9,648.5638,14,0.5
2.5,1.9,630.9148,2,0.6
2.5,1.9,634.1663,4,0.6
2.5,1.9,637.546,6,0.6
2.5,1.9,640.7784,8,0.6
2.5,1.9,644.2,10,0.6
2.5,1.9,647.5116,12,0.6
2.5,1.9,651.0432,14,0.6
2.5,1.9,633.3541,2,0.7
2.5,1.9,636.4944,4,0.7
2.5,1.9,639.6757,6,0.7
2.5,1.9,642.8198,8,0.7
2.5,1.9,646.0477,10,0.7
2.5,1.9,648.9145,12,0.7
2.5,1.9,652.0236,14,0.7
2.5,1.9,634.875,2,0.8
2.5,1.9,637.803,4,0.8
2.5,1.9,640.9586,6,0.8
2.5,1.9,643.827,8,0.8
2.5,1.9,646.6238,10,0.8
2.5,1.9,649.1897,12,0.8
2.5,1.9,651.8793,14,0.8
2.5,1.9,634.875,2,0.9
2.5,1.9,637.8956,4,0.9
2.5,1.9,640.7935,6,0.9
2.5,1.9,643.6551,8,0.9
2.5,1.9,646.4242,10,0.9
2.5,1.9,648.903,12,0.9
2.5,1.9,651.2523,14,0.9
2.5,1.4,623.912,12,0.2
2.5,1.4,632.949,14,0.3
2.5,1.4,635.3071,10,0.8
2.6,1.4,607.1849,2,0.2
2.6,1.4,611.271,4,0.2
2.6,1.4,615.9133,6,0.2
2.6,1.4,619.9644,8,0.2
2.6,1.4,624.0054,10,0.2
2.6,1.4,628.141,12,0.2
2.6,1.4,632.123,14,0.2
2.6,1.4,613.8063,2,0.3
2.6,1.4,617.8383,4,0.3
2.6,1.4,621.4323,6,0.3
2.6,1.4,625.1845,8,0.3
2.6,1.4,628.9645,10,0.3
2.6,1.4,632.5731,12,0.3
2.6,1.4,636.5447,14,0.3
2.6,1.4,618.996,2,0.4
2.6,1.4,622.4899,4,0.4
2.6,1.4,625.6157,6,0.4
2.6,1.4,629.0927,8,0.4
2.6,1.4,632.6116,10,0.4
2.6,1.4,636.0378,12,0.4
2.6,1.4,639.4391,14,0.4
2.6,1.4,622.2852,2,0.5
2.6,1.4,625.5227,4,0.5
2.6,1.4,628.778,6,0.5
2.6,1.4,635.2062,10,0.5
2.6,1.4,638.343,12,0.5
2.6,1.4,641.2271,14,0.5
2.6,1.4,624.89,2,0.6
2.6,1.4,627.9544,4,0.6
2.6,1.4,630.9971,6,0.6
2.6,1.4,633.9747,8,0.6
2.6,1.4,636.9399,10,0.6
2.6,1.4,639.7179,12,0.6
2.6,1.4,642.3831,14,0.6
2.6,1.4,626.3719,2,0.7
2.6,1.4,629.513,4,0.7
2.6,1.4,632.3827,6,0.7
2.6,1.4,635.166,8,0.7
2.6,1.4,637.8951,10,0.7
2.6,1.4,640.3802,12,0.7
2.6,1.4,642.6259,14,0.7
2.6,1.4,627.3851,2,0.8
2.6,1.4,630.1967,4,0.8
2.6,1.4,632.9264,6,0.8
2.6,1.4,635.629,8,0.8
2.6,1.4,638.2012,10,0.8
2.6,1.4,640.5956,12,0.8
2.6,1.4,642.6215,14,0.8
2.6,1.4,627.3608,2,0.9
2.6,1.4,630.114,4,0.9
2.6,1.4,632.8628,6,0.9
2.6,1.4,635.552,8,0.9
2.6,1.4,638.1164,10,0.9
2.6,1.4,640.4837,12,0.9
2.6,1.4,642.6126,14,0.9
2.6,1.5,609.3212,2,0.2
2.6,1.5,613.214,4,0.2
2.6,1.5,617.5473,6,0.2
2.6,1.5,622.1027,8,0.2
2.6,1.5,625.7642,10,0.2
2.6,1.5,630.1065,12,0.2
2.6,1.5,634.875,14,0.2
2.6,1.5,616.4381,2,0.3
2.6,1.5,620.5093,4,0.3
2.6,1.5,624.0558,6,0.3
2.6,1.5,627.9352,8,0.3
2.6,1.5,631.6491,10,0.3
2.6,1.5,635.5366,12,0.3
2.6,1.5,639.3786,14,0.3
2.6,1.5,621.8467,2,0.4
2.6,1.5,625.3295,4,0.4
2.6,1.5,628.6267,6,0.4
2.6,1.5,632.1935,8,0.4
2.6,1.5,635.6019,10,0.4
2.6,1.5,639.261,12,0.4
2.6,1.5,642.8474,14,0.4
2.6,1.5,625.6227,2,0.5
2.6,1.5,628.6637,4,0.5
2.6,1.5,631.9763,6,0.5
2.6,1.5,635.3015,8,0.5
2.6,1.5,638.6108,10,0.5
2.6,1.5,641.8636,12,0.5
2.6,1.5,645.0388,14,0.5
2.6,1.5,628.0406,2,0.6
2.6,1.5,631.171,4,0.6
2.6,1.5,634.3472,6,0.6
2.6,1.5,637.4182,8,0.6
2.6,1.5,640.6038,10,0.6
2.6,1.5,643.5049,12,0.6
2.6,1.5,646.2048,14,0.6
2.6,1.5,629.8405,2,0.7
2.6,1.5,632.8048,4,0.7
2.6,1.5,635.7613,6,0.7
2.6,1.5,638.8437,8,0.7
2.6,1.5,641.6218,10,0.7
2.6,1.5,644.2607,12,0.7
2.6,1.5,646.986,14,0.7
2.6,1.5,630.8937,2,0.8
2.6,1.5,633.7083,4,0.8
2.6,1.5,636.5284,6,0.8
2.6,1.5,639.2915,8,0.8
2.6,1.5,641.9334,10,0.8
2.6,1.5,644.4351,12,0.8
2.6,1.5,646.9439,14,0.8
2.6,1.5,630.8217,2,0.9
2.6,1.5,633.6427,4,0.9
2.6,1.5,636.4494,6,0.9
2.6,1.5,639.2103,8,0.9
2.6,1.5,641.8471,10,0.9
2.6,1.5,644.3277,12,0.9
2.6,1.5,646.819,14,0.9
2.6,1.65,610.5921,2,0.2
2.6,1.65,614.5162,4,0.2
2.6,1.65,618.5958,6,0.2
2.6,1.65,623.3948,8,0.2
2.6,1.65,627.5946,10,0.2
2.6,1.65,631.4327,12,0.2
2.6,1.65,636.0235,14,0.2
2.6,1.65,618.3161,2,0.3
2.6,1.65,622.5536,4,0.3
2.6,1.65,626.1954,6,0.3
2.6,1.65,629.943,8,0.3
2.6,1.65,633.8222,10,0.3
2.6,1.65,637.8337,12,0.3
2.6,1.65,641.8827,14,0.3
2.6,1.65,624.2939,2,0.4
2.6,1.65,627.8379,4,0.4
2.6,1.65,631.2433,6,0.4
2.6,1.65,634.875,8,0.4
2.6,1.65,638.4815,10,0.4
2.6,1.65,642.1831,12,0.4
2.6,1.65,646.1183,14,0.4
2.6,1.65,628.6012,2,0.5
2.6,1.65,631.7062,4,0.5
2.6,1.65,635.0995,6,0.5
2.6,1.65,638.5293,8,0.5
2.6,1.65,641.8353,10,0.5
2.6,1.65,645.2706,12,0.5
2.6,1.65,648.7567,14,0.5
2.6,1.65,631.4864,2,0.6
2.6,1.65,634.875,4,0.6
2.6,1.65,637.6553,6,0.6
2.6,1.65,640.8678,8,0.6
2.6,1.65,644.0446,10,0.6
2.6,1.65,647.2406,12,0.6
2.6,1.65,650.202,14,0.6
2.6,1.65,633.3649,2,0.7
2.6,1.65,636.4071,4,0.7
2.6,1.65,639.4373,6,0.7
2.6,1.65,642.4033,8,0.7
2.6,1.65,645.316,10,0.7
2.6,1.65,648.1896,12,0.7
2.6,1.65,650.89,14,0.7
2.6,1.65,634.4375,2,0.8
2.6,1.65,637.3419,4,0.8
2.6,1.65,640.2286,6,0.8
2.6,1.65,643.0328,8,0.8
2.6,1.65,645.7562,10,0.8
2.6,1.65,648.3347,12,0.8
2.6,1.65,650.8368,14,0.8
2.6,1.65,634.3598,2,0.9
2.6,1.65,637.2598,4,0.9
2.6,1.65,640.1181,6,0.9
2.6,1.65,642.938,8,0.9
2.6,1.65,645.6421,10,0.9
2.6,1.65,648.1971,12,0.9
2.6,1.65,650.6804,14,0.9
2.6,1.8,610.6575,2,0.2
2.6,1.8,614.6208,4,0.2
2.6,1.8,618.6765,6,0.2
2.6,1.8,623.4418,8,0.2
2.6,1.8,626.9,10,0.2
2.6,1.8,631.2001,12,0.2
2.6,1.8,635.3361,14,0.2
2.6,1.8,619.097,2,0.3
2.6,1.8,623.4315,4,0.3
2.6,1.8,627.09,6,0.3
2.6,1.8,630.8569,8,0.3
2.6,1.8,634.6538,10,0.3
2.6,1.8,638.3278,12,0.3
2.6,1.8,642.6264,14,0.3
2.6,1.8,625.8349,2,0.4
2.6,1.8,629.2002,4,0.4
2.6,1.8,632.8039,6,0.4
2.6,1.8,636.3564,8,0.4
2.6,1.8,640.0524,10,0.4
2.6,1.8,643.8626,12,0.4
2.6,1.8,647.7715,14,0.4
2.6,1.8,630.4391,2,0.5
2.6,1.8,633.5922,4,0.5
2.6,1.8,637.0643,6,0.5
2.6,1.8,640.4049,8,0.5
2.6,1.8,643.9507,10,0.5
2.6,1.8,647.4525,12,0.5
2.6,1.8,650.9623,14,0.5
2.6,1.8,633.517,2,0.6
2.6,1.8,636.7676,4,0.6
2.6,1.8,640.0554,6,0.6
2.6,1.8,643.1481,8,0.6
2.6,1.8,646.4171,10,0.6
2.6,1.8,649.6247,12,0.6
2.6,1.8,652.7783,14,0.6
2.6,1.8,635.5197,2,0.7
2.6,1.8,638.6414,4,0.7
2.6,1.8,641.747,6,0.7
2.6,1.8,644.975,8,0.7
2.6,1.8,647.9358,10,0.7
2.6,1.8,650.648,12,0.7
2.6,1.8,653.4862,14,0.7
2.6,1.8,636.9027,2,0.8
2.6,1.8,639.8419,4,0.8
2.6,1.8,642.7525,6,0.8
2.6,1.8,645.6072,8,0.8
2.6,1.8,648.3733,10,0.8
2.6,1.8,650.7701,12,0.8
2.6,1.8,653.3296,14,0.8
2.6,1.8,636.7956,2,0.9
2.6,1.8,639.751,4,0.9
2.6,1.8,642.6361,6,0.9
2.6,1.8,645.4848,8,0.9
2.6,1.8,648.2279,10,0.9
2.6,1.8,650.6038,12,0.9
2.6,1.8,653.0976,14,0.9
2.6,1.9,610.4021,2,0.2
2.6,1.9,614.156,4,0.2
2.6,1.9,619.0954,6,0.2
2.6,1.9,622.201,8,0.2
2.6,1.9,626.0922,10,0.2
2.6,1.9,630.2633,12,0.2
2.6,1.9,634.3923,14,0.2
2.6,1.9,619.3077,2,0.3
2.6,1.9,623.6736,4,0.3
2.6,1.9,627.1902,6,0.3
2.6,1.9,630.947,8,0.3
2.6,1.9,634.875,10,0.3
2.6,1.9,638.269,12,0.3
2.6,1.9,642.3441,14,0.3
2.6,1.9,626.3916,2,0.4
2.6,1.9,629.7824,4,0.4
2.6,1.9,633.404,6,0.4
2.6,1.9,636.8607,8,0.4
2.6,1.9,640.6154,10,0.4
2.6,1.9,644.4964,12,0.4
2.6,1.9,648.0336,14,0.4
2.6,1.9,631.2131,2,0.5
2.6,1.9,634.3815,4,0.5
2.6,1.9,637.9154,6,0.5
2.6,1.9,641.307,8,0.5
2.6,1.9,644.7979,10,0.5
2.6,1.9,648.2153,12,0.5
2.6,1.9,651.9938,14,0.5
2.6,1.9,634.4359,2,0.6
2.6,1.9,637.7181,4,0.6
2.6,1.9,641.0485,6,0.6
2.6,1.9,644.373,8,0.6
2.6,1.9,647.4388,10,0.6
2.6,1.9,650.6447,12,0.6
2.6,1.9,654.1345,14,0.6
2.6,1.9,636.758,2,0.7
2.6,1.9,639.8974,4,0.7
2.6,1.9,643.0333,6,0.7
2.6,1.9,646.1014,8,0.7
2.6,1.9,649.004,10,0.7
2.6,1.9,651.985,12,0.7
2.6,1.9,654.9975,14,0.7
2.6,1.9,638.1521,2,0.8
2.6,1.9,641.1211,4,0.8
2.6,1.9,644.0441,6,0.8
2.6,1.9,646.6746,8,0.8
2.6,1.9,649.4488,10,0.8
2.6,1.9,652.0962,12,0.8
2.6,1.9,654.7019,14,0.8
2.6,1.9,638.0612,2,0.9
2.6,1.9,640.9997,4,0.9
2.6,1.9,643.9224,6,0.9
2.6,1.9,646.5275,8,0.9
2.6,1.9,649.2706,10,0.9
2.6,1.9,651.902,12,0.9
2.6,1.9,654.3763,14,0.9
2.6,1.4,632.1691,8,0.5
2.7,1.4,611.5239,2,0.2
2.7,1.4,615.5705,4,0.2
2.7,1.4,619.5217,6,0.2
2.7,1.4,623.9827,8,0.2
2.7,1.4,628.0551,10,0.2
2.7,1.4,632.1716,12,0.2
2.7,1.4,636.3136,14,0.2
2.7,1.4,617.9155,2,0.3
2.7,1.4,621.8006,4,0.3
2.7,1.4,625.2244,6,0.3
2.7,1.4,628.943,8,0.3
2.7,1.4,632.6389,10,0.3
2.7,1.4,636.4068,12,0.3
2.7,1.4,640.0492,14,0.3
2.7,1.4,622.7059,2,0.4
2.7,1.4,625.816,4,0.4
2.7,1.4,629.2427,6,0.4
2.7,1.4,632.7109,8,0.4
2.7,1.4,636.1412,10,0.4
2.7,1.4,639.4843,12,0.4
2.7,1.4,642.7256,14,0.4
2.7,1.4,625.805,2,0.5
2.7,1.4,629.0188,4,0.5
2.7,1.4,632.2094,6,0.5
2.7,1.4,635.4243,8,0.5
2.7,1.4,638.5435,10,0.5
2.7,1.4,641.5851,12,0.5
2.7,1.4,644.491,14,0.5
2.7,1.4,627.9775,2,0.6
2.7,1.4,630.9896,4,0.6
2.7,1.4,634.2373,6,0.6
2.7,1.4,637.2512,8,0.6
2.7,1.4,640.1216,10,0.6
2.7,1.4,642.7851,12,0.6
2.7,1.4,645.4477,14,0.6
2.7,1.4,629.584,2,0.7
2.7,1.4,632.4912,4,0.7
2.7,1.4,635.2916,6,0.7
2.7,1.4,638.1637,8,0.7
2.7,1.4,641.0081,10,0.7
2.7,1.4,643.403,12,0.7
2.7,1.4,645.7967,14,0.7
2.7,1.4,630.3153,2,0.8
2.7,1.4,633.122,4,0.8
2.7,1.4,635.8887,6,0.8
2.7,1.4,638.5848,8,0.8
2.7,1.4,641.165,10,0.8
2.7,1.4,643.5795,12,0.8
2.7,1.4,645.7717,14,0.8
2.7,1.4,630.2573,2,0.9
2.7,1.4,633.0605,4,0.9
2.7,1.4,635.8402,6,0.9
2.7,1.4,638.4976,8,0.9
2.7,1.4,641.1089,10,0.9
2.7,1.4,643.5332,12,0.9
2.7,1.4,645.7028,14,0.9
2.7,1.5,613.7687,2,0.2
2.7,1.5,617.5809,4,0.2
2.7,1.5,621.7377,6,0.2
2.7,1.5,626.405,8,0.2
2.7,1.5,630.4186,10,0.2
2.7,1.5,634.4996,12,0.2
2.7,1.5,638.5324,14,0.2
2.7,1.5,620.4105,2,0.3
2.7,1.5,624.5236,4,0.3
2.7,1.5,627.9734,6,0.3
2.7,1.5,631.7533,8,0.3
2.7,1.5,635.4531,10,0.3
2.7,1.5,639.309,12,0.3
2.7,1.5,643.1002,14,0.3
2.7,1.5,625.5817,2,0.4
2.7,1.5,628.7702,4,0.4
2.7,1.5,632.2643,6,0.4
2.7,1.5,635.7907,8,0.4
2.7,1.5,639.3114,10,0.4
2.7,1.5,642.6848,12,0.4
2.7,1.5,646.1781,14,0.4
2.7,1.5,628.8433,2,0.5
2.7,1.5,632.1136,4,0.5
2.7,1.5,635.4181,6,0.5
2.7,1.5,638.6941,8,0.5
2.7,1.5,641.9078,10,0.5
2.7,1.5,645.1168,12,0.5
2.7,1.5,648.1028,14,0.5
2.7,1.5,631.3899,2,0.6
2.7,1.5,634.4767,4,0.6
2.7,1.5,637.5867,6,0.6
2.7,1.5,640.65,8,0.6
2.7,1.5,643.6481,10,0.6
2.7,1.5,646.537,12,0.6
2.7,1.5,649.3008,14,0.6
2.7,1.5,633.069,2,0.7
2.7,1.5,636.0244,4,0.7
2.7,1.5,638.9402,6,0.7
2.7,1.5,641.8128,8,0.7
2.7,1.5,644.5741,10,0.7
2.7,1.5,647.3218,12,0.7
2.7,1.5,650.0074,14,0.7
2.7,1.5,633.7865,2,0.8
2.7,1.5,636.6534,4,0.8
2.7,1.5,639.473,6,0.8
2.7,1.5,642.2256,8,0.8
2.7,1.5,644.8979,10,0.8
2.7,1.5,647.4054,12,0.8
2.7,1.5,649.9756,14,0.8
2.7,1.5,633.7414,2,0.9
2.7,1.5,636.5883,4,0.9
2.7,1.5,639.4049,6,0.9
2.7,1.5,642.1542,8,0.9
2.7,1.5,644.8066,10,0.9
2.7,1.5,647.3327,12,0.9
2.7,1.5,649.599,14,0.9
2.7,1.65,615.1254,2,0.2
2.7,1.65,619.0222,4,0.2
2.7,1.65,623.2231,6,0.2
2.7,1.65,627.8788,8,0.2
2.7,1.65,631.9692,10,0.2
2.7,1.65,635.6998,12,0.2
2.7,1.65,640.2286,14,0.2
2.7,1.65,622.4181,2,0.3
2.7,1.65,626.5991,4,0.3
2.7,1.65,630.1876,6,0.3
2.7,1.65,634.0264,8,0.3
2.7,1.65,637.8159,10,0.3
2.7,1.65,641.7049,12,0.3
2.7,1.65,645.5776,14,0.3
2.7,1.65,628.042,2,0.4
2.7,1.65,631.5404,4,0.4
2.7,1.65,635.1095,6,0.4
2.7,1.65,638.5439,8,0.4
2.7,1.65,642.186,10,0.4
2.7,1.65,645.7377,12,0.4
2.7,1.65,649.4263,14,0.4
2.7,1.65,631.8525,2,0.5
2.7,1.65,635.1785,4,0.5
2.7,1.65,638.5811,6,0.5
2.7,1.65,641.9499,8,0.5
2.7,1.65,645.3041,10,0.5
2.7,1.65,648.5348,12,0.5
2.7,1.65,651.8594,14,0.5
2.7,1.65,634.537,2,0.6
2.7,1.65,637.7488,4,0.6
2.7,1.65,640.943,6,0.6
2.7,1.65,644.1031,8,0.6
2.7,1.65,647.2241,10,0.6
2.7,1.65,650.2627,12,0.6
2.7,1.65,653.237,14,0.6
2.7,1.65,636.333,2,0.7
2.7,1.65,639.3874,4,0.7
2.7,1.65,642.4104,6,0.7
2.7,1.65,645.5534,8,0.7
2.7,1.65,648.4009,10,0.7
2.7,1.65,651.1244,12,0.7
2.7,1.65,653.9009,14,0.7
2.7,1.65,637.3602,2,0.8
2.7,1.65,640.2816,4,0.8
2.7,1.65,643.1516,6,0.8
2.7,1.65,645.9754,8,0.8
2.7,1.65,648.6916,10,0.8
2.7,1.65,651.2931,12,0.8
2.7,1.65,653.8283,14,0.8
2.7,1.65,637.2904,2,0.9
2.7,1.65,640.2109,4,0.9
2.7,1.65,643.078,6,0.9
2.7,1.65,645.8798,8,0.9
2.7,1.65,648.5919,10,0.9
2.7,1.65,651.1918,12,0.9
2.7,1.65,653.707,14,0.9
2.7,1.8,615.3597,2,0.2
2.7,1.8,619.2775,4,0.2
2.7,1.8,623.2732,6,0.2
2.7,1.8,628.0829,8,0.2
2.7,1.8,632.1895,10,0.2
2.7,1.8,635.7889,12,0.2
2.7,1.8,639.9854,14,0.2
2.7,1.8,623.538,2,0.3
2.7,1.8,627.5711,4,0.3
2.7,1.8,631.1926,6,0.3
2.7,1.8,634.875,8,0.3
2.7,1.8,638.8007,10,0.3
2.7,1.8,642.7675,12,0.3
2.7,1.8,646.6652,14,0.3
2.7,1.8,629.636,2,0.4
2.7,1.8,633.1766,4,0.4
2.7,1.8,636.5767,6,0.4
2.7,1.8,640.1089,8,0.4
2.7,1.8,643.8399,10,0.4
2.7,1.8,647.5392,12,0.4
2.7,1.8,651.1637,14,0.4
2.7,1.8,633.7389,2,0.5
2.7,1.8,637.1302,4,0.5
2.7,1.8,640.5782,6,0.5
2.7,1.8,643.8596,8,0.5
2.7,1.8,647.3239,10,0.5
2.7,1.8,650.5584,12,0.5
2.7,1.8,654.0845,14,0.5
2.7,1.8,636.9042,2,0.6
2.7,1.8,640.1388,4,0.6
2.7,1.8,643.162,6,0.6
2.7,1.8,646.4021,8,0.6
2.7,1.8,649.3565,10,0.6
2.7,1.8,652.4967,12,0.6
2.7,1.8,655.6792,14,0.6
2.7,1.8,638.7971,2,0.7
2.7,1.8,641.8837,4,0.7
2.7,1.8,644.9168,6,0.7
2.7,1.8,647.9009,8,0.7
2.7,1.8,650.7469,10,0.7
2.7,1.8,653.5434,12,0.7
2.7,1.8,656.3647,14,0.7
2.7,1.8,639.8335,2,0.8
2.7,1.8,642.7817,4,0.8
2.7,1.8,645.6763,6,0.8
2.7,1.8,648.2875,8,0.8
2.7,1.8,651.0391,10,0.8
2.7,1.8,653.6773,12,0.8
2.7,1.8,656.2445,14,0.8
2.7,1.8,639.7585,2,0.9
2.7,1.8,642.6858,4,0.9
2.7,1.8,645.5933,6,0.9
2.7,1.8,648.1836,8,0.9
2.7,1.8,650.9142,10,0.9
2.7,1.8,653.5488,12,0.9
2.7,1.8,656.108,14,0.9
2.7,1.9,615.2052,2,0.2
2.7,1.9,619.0841,4,0.2
2.7,1.9,623.0772,6,0.2
2.7,1.9,627.9043,8,0.2
2.7,1.9,631.0996,10,0.2
2.7,1.9,635.2379,12,0.2
2.7,1.9,639.2128,14,0.2
2.7,1.9,623.8174,2,0.3
2.7,1.9,627.8873,4,0.3
2.7,1.9,631.5121,6,0.3
2.7,1.9,635.2258,8,0.3
2.7,1.9,639.0205,10,0.3
2.7,1.9,643.0204,12,0.3
2.7,1.9,646.7089,14,0.3
2.7,1.9,630.2473,2,0.4
2.7,1.9,633.795,4,0.4
2.7,1.9,637.23,6,0.4
2.7,1.9,640.7875,8,0.4
2.7,1.9,644.4372,10,0.4
2.7,1.9,648.2221,12,0.4
2.7,1.9,651.8685,14,0.4
2.7,1.9,634.875,2,0.5
2.7,1.9,637.9852,4,0.5
2.7,1.9,641.4542,6,0.5
2.7,1.9,644.7881,8,0.5
2.7,1.9,648.0705,10,0.5
2.7,1.9,651.5091,12,0.5
2.7,1.9,655.1909,14,0.5
2.7,1.9,637.8249,2,0.6
2.7,1.9,641.1045,4,0.6
2.7,1.9,644.3775,6,0.6
2.7,1.9,647.3906,8,0.6
2.7,1.9,650.5869,10,0.6
2.7,1.9,653.7799,12,0.6
2.7,1.9,657.0837,14,0.6
2.7,1.9,640.0536,2,0.7
2.7,1.9,643.1504,4,0.7
2.7,1.9,646.1831,6,0.7
2.7,1.9,648.9631,8,0.7
2.7,1.9,651.9014,10,0.7
2.7,1.9,654.8804,12,0.7
2.7,1.9,657.8178,14,0.7
2.7,1.9,641.1047,2,0.8
2.7,1.9,644.0465,4,0.8
2.7,1.9,646.7229,6,0.8
2.7,1.9,649.5585,8,0.8
2.7,1.9,652.3269,10,0.8
2.7,1.9,654.9975,12,0.8
2.7,1.9,657.581,14,0.8
2.7,1.9,641.006,2,0.9
2.7,1.9,643.9652,4,0.9
2.7,1.9,646.6177,6,0.9
2.7,1.9,649.4497,8,0.9
2.7,1.9,652.1956,10,0.9
2.7,1.9,654.8437,12,0.9
2.7,1.9,657.371,14,0.9
2.8,1.4,615.875,2,0.2
2.8,1.4,619.6699,4,0.2
2.8,1.4,623.4392,6,0.2
2.8,1.4,627.9042,8,0.2
2.8,1.4,631.8691,10,0.2
2.8,1.4,635.9639,12,0.2
2.8,1.4,639.746,14,0.2
2.8,1.4,621.6709,2,0.3
2.8,1.4,625.5457,4,0.3
2.8,1.4,628.9191,6,0.3
2.8,1.4,632.5771,8,0.3
2.8,1.4,636.2524,10,0.3
2.8,1.4,639.8522,12,0.3
2.8,1.4,643.3798,14,0.3
2.8,1.4,625.9844,2,0.4
2.8,1.4,629.3231,4,0.4
2.8,1.4,632.7279,6,0.4
2.8,1.4,636.0995,8,0.4
2.8,1.4,639.4211,10,0.4
2.8,1.4,642.7215,12,0.4
2.8,1.4,645.8566,14,0.4
2.8,1.4,629.1841,2,0.5
2.8,1.4,632.3258,4,0.5
2.8,1.4,635.5313,6,0.5
2.8,1.4,638.6441,8,0.5
2.8,1.4,641.7044,10,0.5
2.8,1.4,644.6502,12,0.5
2.8,1.4,647.5131,14,0.5
2.8,1.4,631.1679,2,0.6
2.8,1.4,634.2082,4,0.6
2.8,1.4,637.1994,6,0.6
2.8,1.4,640.1478,8,0.6
2.8,1.4,642.9947,10,0.6
2.8,1.4,645.8656,12,0.6
2.8,1.4,648.3913,14,0.6
2.8,1.4,632.4243,2,0.7
2.8,1.4,635.3315,4,0.7
2.8,1.4,638.4298,6,0.7
2.8,1.4,641.0406,8,0.7
2.8,1.4,643.7203,10,0.7
2.8,1.4,646.4641,12,0.7
2.8,1.4,648.7305,14,0.7
2.8,1.4,633.104,2,0.8
2.8,1.4,635.9185,4,0.8
2.8,1.4,638.6749,6,0.8
2.8,1.4,641.3914,8,0.8
2.8,1.4,643.99,10,0.8
2.8,1.4,646.3704,12,0.8
2.8,1.4,648.6731,14,0.8
2.8,1.4,633.0666,2,0.9
2.8,1.4,635.8853,4,0.9
2.8,1.4,638.6422,6,0.9
2.8,1.4,641.3329,8,0.9
2.8,1.4,643.9436,10,0.9
2.8,1.4,646.3921,12,0.9
2.8,1.4,648.6111,14,0.9
2.8,1.5,617.9718,2,0.2
2.8,1.5,621.7197,4,0.2
2.8,1.5,625.8162,6,0.2
2.8,1.5,630.3876,8,0.2
2.8,1.5,634.2913,10,0.2
2.8,1.5,638.476,12,0.2
2.8,1.5,642.5309,14,0.2
2.8,1.5,624.2627,2,0.3
2.8,1.5,627.7127,4,0.3
2.8,1.5,631.6957,6,0.3
2.8,1.5,635.4153,8,0.3
2.8,1.5,639.0283,10,0.3
2.8,1.5,642.7826,12,0.3
2.8,1.5,646.5229,14,0.3
2.8,1.5,628.8472,2,0.4
2.8,1.5,632.2696,4,0.4
2.8,1.5,635.7276,6,0.4
2.8,1.5,639.2056,8,0.4
2.8,1.5,642.6437,10,0.4
2.8,1.5,645.9483,12,0.4
2.8,1.5,649.3324,14,0.4
2.8,1.5,632.2063,2,0.5
2.8,1.5,635.4475,4,0.5
2.8,1.5,638.6901,6,0.5
2.8,1.5,641.9138,8,0.5
2.8,1.5,645.0925,10,0.5
2.8,1.5,648.1996,12,0.5
2.8,1.5,651.2108,14,0.5
2.8,1.5,634.3282,2,0.6
2.8,1.5,637.6794,4,0.6
2.8,1.5,640.719,6,0.6
2.8,1.5,643.7291,8,0.6
2.8,1.5,646.6707,10,0.6
2.8,1.5,649.5156,12,0.6
2.8,1.5,652.381,14,0.6
2.8,1.5,635.888,2,0.7
2.8,1.5,638.8465,4,0.7
2.8,1.5,641.7555,6,0.7
2.8,1.5,644.8147,8,0.7
2.8,1.5,647.5399,10,0.7
2.8,1.5,650.1305,12,0.7
2.8,1.5,652.6198,14,0.7
2.8,1.5,636.5774,2,0.8
2.8,1.5,639.4417,4,0.8
2.8,1.5,642.258,6,0.8
2.8,1.5,645.0285,8,0.8
2.8,1.5,647.6677,10,0.8
2.8,1.5,650.2287,12,0.8
2.8,1.5,652.5559,14,0.8
2.8,1.5,636.5378,2,0.9
2.8,1.5,639.3993,4,0.9
2.8,1.5,642.2136,6,0.9
2.8,1.5,644.967,8,0.9
2.8,1.5,647.631,10,0.9
2.8,1.5,650.1615,12,0.9
2.8,1.5,652.4736,14,0.9
2.8,1.65,619.4434,2,0.2
2.8,1.65,623.5321,4,0.2
2.8,1.65,627.4161,6,0.2
2.8,1.65,631.9985,8,0.2
2.8,1.65,636.1573,10,0.2
2.8,1.65,640.1965,12,0.2
2.8,1.65,644.0709,14,0.2
2.8,1.65,626.3245,2,0.3
2.8,1.65,630.0692,4,0.3
2.8,1.65,633.9465,6,0.3
2.8,1.65,637.7909,8,0.3
2.8,1.65,641.5085,10,0.3
2.8,1.65,645.3123,12,0.3
2.8,1.65,649.2328,14,0.3
2.8,1.65,631.6093,2,0.4
2.8,1.65,634.875,4,0.4
2.8,1.65,638.6458,6,0.4
2.8,1.65,642.0023,8,0.4
2.8,1.65,645.5809,10,0.4
2.8,1.65,649.05,12,0.4
2.8,1.65,652.646,14,0.4
2.8,1.65,635.2103,2,0.5
2.8,1.65,638.5539,4,0.5
2.8,1.65,641.8885,6,0.5
2.8,1.65,645.1981,8,0.5
2.8,1.65,648.4824,10,0.5
2.8,1.65,651.6325,12,0.5
2.8,1.65,654.8538,14,0.5
2.8,1.65,637.7886,2,0.6
2.8,1.65,640.9493,4,0.6
2.8,1.65,644.0803,6,0.6
2.8,1.65,647.185,8,0.6
2.8,1.65,650.2507,10,0.6
2.8,1.65,653.2259,12,0.6
2.8,1.65,656.1409,14,0.6
2.8,1.65,639.4621,2,0.7
2.8,1.65,642.4568,4,0.7
2.8,1.65,645.4281,6,0.7
2.8,1.65,648.352,8,0.7
2.8,1.65,651.3405,10,0.7
2.8,1.65,654.0205,12,0.7
2.8,1.65,656.7824,14,0.7
2.8,1.65,640.1627,2,0.8
2.8,1.65,643.0628,4,0.8
2.8,1.65,645.9435,6,0.8
2.8,1.65,648.7526,8,0.8
2.8,1.65,651.4939,10,0.8
2.8,1.65,654.0975,12,0.8
2.8,1.65,656.6704,14,0.8
2.8,1.65,640.1047,2,0.9
2.8,1.65,643.0003,4,0.9
2.8,1.65,645.863,6,0.9
2.8,1.65,648.6861,8,0.9
2.8,1.65,651.4077,10,0.9
2.8,1.65,654.0088,12,0.9
2.8,1.65,656.5823,14,0.9
2.8,1.8,619.8182,2,0.2
2.8,1.8,623.8951,4,0.2
2.8,1.8,627.8118,6,0.2
2.8,1.8,632.4835,8,0.2
2.8,1.8,636.5442,10,0.2
2.8,1.8,640.6701,12,0.2
2.8,1.8,644.4657,14,0.2
2.8,1.8,627.5277,2,0.3
2.8,1.8,631.0446,4,0.3
2.8,1.8,635.2526,6,0.3
2.8,1.8,638.9416,8,0.3
2.8,1.8,642.7282,10,0.3
2.8,1.8,646.6331,12,0.3
2.8,1.8,650.6646,14,0.3
2.8,1.8,633.2503,2,0.4
2.8,1.8,636.7998,4,0.4
2.8,1.8,640.1701,6,0.4
2.8,1.8,643.8101,8,0.4
2.8,1.8,647.3033,10,0.4
2.8,1.8,650.8973,12,0.4
2.8,1.8,654.4219,14,0.4
2.8,1.8,637.1445,2,0.5
2.8,1.8,640.5373,4,0.5
2.8,1.8,643.9232,6,0.5
2.8,1.8,647.1408,8,0.5
2.8,1.8,650.2835,10,0.5
2.8,1.8,653.6519,12,0.5
2.8,1.8,657.0665,14,0.5
2.8,1.8,639.8873,2,0.6
2.8,1.8,643.103,4,0.6
2.8,1.8,646.3026,6,0.6
2.8,1.8,649.2389,8,0.6
2.8,1.8,652.3575,10,0.6
2.8,1.8,655.4201,12,0.6
2.8,1.8,658.5062,14,0.6
2.8,1.8,641.6526,2,0.7
2.8,1.8,644.9606,4,0.7
2.8,1.8,647.7188,6,0.7
2.8,1.8,650.6454,8,0.7
2.8,1.8,653.513,10,0.7
2.8,1.8,656.3943,12,0.7
2.8,1.8,659.1852,14,0.7
2.8,1.8,642.6387,2,0.8
2.8,1.8,645.5609,4,0.8
2.8,1.8,648.2209,6,0.8
2.8,1.8,651.0351,8,0.8
2.8,1.8,653.7956,10,0.8
2.8,1.8,656.4523,12,0.8
2.8,1.8,659.0449,14,0.8
2.8,1.8,642.5743,2,0.9
2.8,1.8,645.4938,4,0.9
2.8,1.8,648.1358,6,0.9
2.8,1.8,650.961,8,0.9
2.8,1.8,653.7035,10,0.9
2.8,1.8,656.3396,12,0.9
2.8,1.8,658.9159,14,0.9
2.8,1.9,619.75,2,0.2
2.8,1.9,623.593,4,0.2
2.8,1.9,627.5268,6,0.2
2.8,1.9,632.2944,8,0.2
2.8,1.9,636.3418,10,0.2
2.8,1.9,639.8122,12,0.2
2.8,1.9,643.8498,14,0.2
2.8,1.9,627.8524,2,0.3
2.8,1.9,631.3848,4,0.3
2.8,1.9,635.6521,6,0.3
2.8,1.9,639.212,8,0.3
2.8,1.9,643.0359,10,0.3
2.8,1.9,646.9272,12,0.3
2.8,1.9,650.4161,14,0.3
2.8,1.9,633.9072,2,0.4
2.8,1.9,637.4494,4,0.4
2.8,1.9,640.8766,6,0.4
2.8,1.9,644.537,8,0.4
2.8,1.9,648.0362,10,0.4
2.8,1.9,651.4685,12,0.4
2.8,1.9,655.2388,14,0.4
2.8,1.9,638.2403,2,0.5
2.8,1.9,641.3997,4,0.5
2.8,1.9,644.8194,6,0.5
2.8,1.9,648.0051,8,0.5
2.8,1.9,651.2529,10,0.5
2.8,1.9,654.7001,12,0.5
2.8,1.9,658.2125,14,0.5
2.8,1.9,641.086,2,0.6
2.8,1.9,644.3122,4,0.6
2.8,1.9,647.2953,6,0.6
2.8,1.9,650.4566,8,0.6
2.8,1.9,653.5914,10,0.6
2.8,1.9,656.7078,12,0.6
2.8,1.9,659.8663,14,0.6
2.8,1.9,642.9107,2,0.7
2.8,1.9,645.9629,4,0.7
2.8,1.9,648.9753,6,0.7
2.8,1.9,651.9079,8,0.7
2.8,1.9,654.808,10,0.7
2.8,1.9,657.7312,12,0.7
2.8,1.9,660.483,14,0.7
2.8,1.9,643.8933,2,0.8
2.8,1.9,646.5979,4,0.8
2.8,1.9,649.4819,6,0.8
2.8,1.9,652.3051,8,0.8
2.8,1.9,655.079,10,0.8
2.8,1.9,657.771,12,0.8
2.8,1.9,660.3742,14,0.8
2.8,1.9,643.825,2,0.9
2.8,1.9,646.5108,4,0.9
2.8,1.9,649.3907,6,0.9
2.8,1.9,652.2089,8,0.9
2.8,1.9,654.9823,10,0.9
2.8,1.9,657.6374,12,0.9
2.8,1.9,660.2067,14,0.9
